,FPR,FNR,TPR,"min(FPR,FNR)",min_constant,max_constant
0,0.0,1.0,0.0,0.0,-0.5,-0.19999999
1,0.0,0.75,0.25,0.0,-0.19999999,0.0
2,0.125,0.75,0.25,0.125,0.0,0.099999994
3,0.125,0.25,0.75,0.125,0.099999994,0.19999999
4,0.75,0.25,0.75,0.25,0.19999999,0.3
5,0.875,0.0,1.0,0.0,0.3,0.4
6,1.0,0.0,1.0,0.0,0.4,0.5
