,AUM,Cross Entropy
0,tensor(0.9521),0.9163044691085815
1,tensor(0.9378),0.9459341764450073
2,tensor(0.9398),0.9282385110855103
3,tensor(0.9398),0.9285052418708801
4,tensor(0.9379),0.9317268133163452
5,tensor(0.9304),0.9433241486549377
6,tensor(0.9401),0.9326204061508179
7,tensor(0.9358),0.9240716695785522
8,tensor(0.9278),0.9358426332473755
9,tensor(0.9240),0.9332495331764221
