,AUM,Cross Entropy
0,tensor(0.9426),0.911892294883728
1,tensor(0.9207),0.9410383701324463
2,tensor(0.9226),0.9240602254867554
3,tensor(0.9281),0.9253448843955994
4,tensor(0.9076),0.9269247651100159
5,tensor(0.9294),0.9400794506072998
6,tensor(0.9283),0.901477038860321
7,tensor(0.9048),0.919681191444397
8,tensor(0.9244),0.9317693710327148
9,tensor(0.9142),0.9268032312393188
