constant,TPR,FPR
-0.5,0.0,0.0
-0.19999998807907104,0.25,0.0
0.0,0.25,0.125
0.09999999403953552,0.75,0.125
0.09999999403953552,0.75,0.125
0.19999998807907104,0.75,0.75
0.19999998807907104,0.75,0.75
0.19999998807907104,0.75,0.75
0.19999998807907104,0.75,0.75
0.19999998807907104,0.75,0.75
0.30000001192092896,1.0,0.875
0.30000001192092896,1.0,0.875
0.4000000059604645,1.0,1.0
